[{"\uc774\ub984":"\uc11c\ud314\uad11","\ub098\uc774":"25","\uc131\ubcc4":"\ub0a8","\uc9c1\uc5c5":"\uad50\uc218","\uc0ac\ub294\uacf3":"\uacbd\uc0c1\ub0a8\ub3c4"},{"\uc774\ub984":"\ud669\uc9c0\ud544","\ub098\uc774":"28","\uc131\ubcc4":"\uc5ec","\uc9c1\uc5c5":"\uad70\uc778","\uc0ac\ub294\uacf3":"\uacbd\uc0c1\ubd81\ub3c4"},{"\uc774\ub984":"\uae40\uc77c\uc81c","\ub098\uc774":"36","\uc131\ubcc4":"\ub0a8","\uc9c1\uc5c5":"","\uc0ac\ub294\uacf3":"\uc11c\uc6b8\/\uacbd\uae30"},{"\uc774\ub984":"\uacfd\ub9c8\uad8c","\ub098\uc774":"34","\uc131\ubcc4":"\ub0a8","\uc9c1\uc5c5":"\ub9ac\ud3ec\ud130","\uc0ac\ub294\uacf3":"\uac15\uc6d0\ub3c4"},{"\uc774\ub984":"\ub9c8\ud48d\uac15","\ub098\uc774":"45","\uc131\ubcc4":"\ub0a8","\uc9c1\uc5c5":"\ubaa8\ub378","\uc0ac\ub294\uacf3":"\uac15\uc6d0\ub3c4"},{"\uc774\ub984":"\uae40\ub355\ud611","\ub098\uc774":"67","\uc131\ubcc4":"\uc5ec","\uc9c1\uc5c5":"\uac1c\ubc1c\uc790","\uc0ac\ub294\uacf3":"\uc11c\uc6b8\/\uacbd\uae30"},{"\uc774\ub984":"\ub098\ub300\ubb3c","\ub098\uc774":"32","\uc131\ubcc4":"\uc5ec","\uc9c1\uc5c5":"","\uc0ac\ub294\uacf3":"\ucda9\uccad\ubd81\ub3c4"},{"\uc774\ub984":"\uc720\ub355\ucc3d","\ub098\uc774":"24","\uc131\ubcc4":"\ub0a8","\uc9c1\uc5c5":"\ud559\uc6d0\uac15\uc0ac","\uc0ac\ub294\uacf3":"\uc804\ub77c\ubd81\ub3c4"},{"\uc774\ub984":"\ud669\ucda9\uc720","\ub098\uc774":"34","\uc131\ubcc4":"\uc5ec","\uc9c1\uc5c5":"\uac1c\ubc1c\uc790","\uc0ac\ub294\uacf3":"\uac15\uc6d0\ub3c4"},{"\uc774\ub984":"\uac00\uc6d0\ucc3d","\ub098\uc774":"54","\uc131\ubcc4":"\ub0a8","\uc9c1\uc5c5":"\ud654\uac00","\uc0ac\ub294\uacf3":"\ucda9\uccad\ubd81\ub3c4"},{"\uc774\ub984":"\ub9c8\uc11d\ub300","\ub098\uc774":"23","\uc131\ubcc4":"\uc5ec","\uc9c1\uc5c5":"\ud559\uc6d0\uac15\uc0ac","\uc0ac\ub294\uacf3":"\uacbd\uc0c1\ubd81\ub3c4"},{"\uc774\ub984":"\uacc4\uc2dd\ub3c4","\ub098\uc774":"52","\uc131\ubcc4":"\uc5ec","\uc9c1\uc5c5":"\ubcc0\ud638\uc0ac","\uc0ac\ub294\uacf3":"\uc804\ub77c\ubd81\ub3c4"},{"\uc774\ub984":"\ucd5c\ub355\ubcf5","\ub098\uc774":"64","\uc131\ubcc4":"\ub0a8","\uc9c1\uc5c5":"\uac1c\ubc1c\uc790","\uc0ac\ub294\uacf3":"\uac15\uc6d0\ub3c4"},{"\uc774\ub984":"\uc190\ud544\uacac","\ub098\uc774":"","\uc131\ubcc4":"\uc5ec","\uc9c1\uc5c5":"\ubc95\ubb34\uc0ac","\uc0ac\ub294\uacf3":"\uc11c\uc6b8\/\uacbd\uae30"},{"\uc774\ub984":"\uc624\uc2e0\ud3c9","\ub098\uc774":"76","\uc131\ubcc4":"\ub0a8","\uc9c1\uc5c5":"\ubcc0\ud638\uc0ac","\uc0ac\ub294\uacf3":"\uac15\uc6d0\ub3c4"},{"\uc774\ub984":"\uae40\uc5b5\ub450","\ub098\uc774":"54","\uc131\ubcc4":"\ub0a8","\uc9c1\uc5c5":"\ud559\uc6d0\uac15\uc0ac","\uc0ac\ub294\uacf3":"\ucda9\uccad\ubd81\ub3c4"},{"\uc774\ub984":"\ubc30\uc6a9\ud314","\ub098\uc774":"25","\uc131\ubcc4":"\ub0a8","\uc9c1\uc5c5":"\ud310\uc0ac","\uc0ac\ub294\uacf3":"\uacbd\uc0c1\ubd81\ub3c4"},{"\uc774\ub984":"\ub450\ub9cc\uc6b1","\ub098\uc774":"34","\uc131\ubcc4":"\uc5ec","\uc9c1\uc5c5":"\uac1c\ubc1c\uc790","\uc0ac\ub294\uacf3":"\uc804\ub77c\ub0a8\ub3c4"},{"\uc774\ub984":"\uad8c\ud544\uc30d","\ub098\uc774":"62","\uc131\ubcc4":"\uc5ec","\uc9c1\uc5c5":"\ud559\uc6d0\uac15\uc0ac","\uc0ac\ub294\uacf3":"\ucda9\uccad\ubd81\ub3c4"},{"\uc774\ub984":"\ubc29\uc2e0\ub9c8","\ub098\uc774":"15","\uc131\ubcc4":"\ub0a8","\uc9c1\uc5c5":"\uac80\uc0ac","\uc0ac\ub294\uacf3":"\uc11c\uc6b8\/\uacbd\uae30"},{"\uc774\ub984":"\uc655\ub300\ud611","\ub098\uc774":"","\uc131\ubcc4":"\uc5ec","\uc9c1\uc5c5":"\uac80\uc0ac","\uc0ac\ub294\uacf3":"\uc804\ub77c\ub0a8\ub3c4"},{"\uc774\ub984":"\ud45c\ud314\uc81c","\ub098\uc774":"34","\uc131\ubcc4":"\ub0a8","\uc9c1\uc5c5":"\ubbf8\uc220\uac00","\uc0ac\ub294\uacf3":"\uc804\ub77c\ubd81\ub3c4"},{"\uc774\ub984":"\uc5c4\uc11d\uc6a9","\ub098\uc774":"43","\uc131\ubcc4":"\uc5ec","\uc9c1\uc5c5":"\uac1c\ubc1c\uc790","\uc0ac\ub294\uacf3":"\uc804\ub77c\ub0a8\ub3c4"},{"\uc774\ub984":"\ud5c8\ud0dc\uc720","\ub098\uc774":"","\uc131\ubcc4":"\uc5ec","\uc9c1\uc5c5":"","\uc0ac\ub294\uacf3":"\uc804\ub77c\ubd81\ub3c4"},{"\uc774\ub984":"\uc2e0\uc7a5\uc804","\ub098\uc774":"65","\uc131\ubcc4":"\uc5ec","\uc9c1\uc5c5":"\ud559\uc6d0\uac15\uc0ac","\uc0ac\ub294\uacf3":"\uacbd\uc0c1\ubd81\ub3c4"},{"\uc774\ub984":"\uc5ec\ucd98\ud314","\ub098\uc774":"78","\uc131\ubcc4":"\uc5ec","\uc9c1\uc5c5":"\uac8c\uc784\uae30\ud68d\uc790","\uc0ac\ub294\uacf3":""},{"\uc774\ub984":"\ud64d\ud559\ucca0","\ub098\uc774":"89","\uc131\ubcc4":"\ub0a8","\uc9c1\uc5c5":"\ud504\ub85c\uac8c\uc774\uba38","\uc0ac\ub294\uacf3":"\uc11c\uc6b8\/\uacbd\uae30"},{"\uc774\ub984":"\ubb38\ud0dc\ubc94","\ub098\uc774":"45","\uc131\ubcc4":"\ub0a8","\uc9c1\uc5c5":"\uac1c\ubc1c\uc790","\uc0ac\ub294\uacf3":"\uc81c\uc8fc\ub3c4"},{"\uc774\ub984":"\uad6c\ub3d9\ubc94","\ub098\uc774":"35","\uc131\ubcc4":"\ub0a8","\uc9c1\uc5c5":"\uac10\uc815\ud3c9\uac00\uc0ac","\uc0ac\ub294\uacf3":"\uacbd\uc0c1\ubd81\ub3c4"},{"\uc774\ub984":"\uae08\ucc9c\uaddc","\ub098\uc774":"67","\uc131\ubcc4":"\uc5ec","\uc9c1\uc5c5":"\uac1c\ubc1c\uc790","\uc0ac\ub294\uacf3":"\uc81c\uc8fc\ub3c4"},{"\uc774\ub984":"\ud64d\ud601\ud314","\ub098\uc774":"17","\uc131\ubcc4":"\ub0a8","\uc9c1\uc5c5":"\ube45\ub370\uc774\ud130\uc804\ubb38\uac00","\uc0ac\ub294\uacf3":"\uc804\ub77c\ubd81\ub3c4"},{"\uc774\ub984":"\ud55c\ub9cc\uc7ac","\ub098\uc774":"81","\uc131\ubcc4":"\ub0a8","\uc9c1\uc5c5":"","\uc0ac\ub294\uacf3":"\uc81c\uc8fc\ub3c4"},{"\uc774\ub984":"\ud558\uc6b0\ub3c8","\ub098\uc774":"73","\uc131\ubcc4":"\uc5ec","\uc9c1\uc5c5":"\ub300\ud559\uad50\uc218","\uc0ac\ub294\uacf3":""},{"\uc774\ub984":"\ud5c8\uacc4\ub3c8","\ub098\uc774":"64","\uc131\ubcc4":"\uc5ec","\uc9c1\uc5c5":"\ube45\ub370\uc774\ud130\uc804\ubb38\uac00","\uc0ac\ub294\uacf3":"\uc81c\uc8fc\ub3c4"},{"\uc774\ub984":"\ub3c4\uc5fd\ucca0","\ub098\uc774":"","\uc131\ubcc4":"\ub0a8","\uc9c1\uc5c5":"\ub300\uc5ed\ubc30\uc6b0","\uc0ac\ub294\uacf3":"\uc11c\uc6b8\/\uacbd\uae30"},{"\uc774\ub984":"\ubc30\ud314\uc2dd","\ub098\uc774":"75","\uc131\ubcc4":"\uc5ec","\uc9c1\uc5c5":"\ud559\uc6d0\uac15\uc0ac","\uc0ac\ub294\uacf3":"\uc804\ub77c\ub0a8\ub3c4"},{"\uc774\ub984":"\ubc15\ub450\ucc3d","\ub098\uc774":"34","\uc131\ubcc4":"\ub0a8","\uc9c1\uc5c5":"\ub3c4\uc5b4\ub9e8","\uc0ac\ub294\uacf3":"\uc11c\uc6b8\/\uacbd\uae30"},{"\uc774\ub984":"\ud5c8\uacfd\uc758","\ub098\uc774":"37","\uc131\ubcc4":"\uc5ec","\uc9c1\uc5c5":"\ube45\ub370\uc774\ud130\uc804\ubb38\uac00","\uc0ac\ub294\uacf3":"\uac15\uc6d0\ub3c4"},{"\uc774\ub984":"\uae38\uc6d0\ucd98","\ub098\uc774":"54","\uc131\ubcc4":"\ub0a8","\uc9c1\uc5c5":"\ud328\uc158\ubaa8\ub378","\uc0ac\ub294\uacf3":"\ucda9\uccad\ub0a8\ub3c4"},{"\uc774\ub984":"\uba85\uc9c0\uad11","\ub098\uc774":"26","\uc131\ubcc4":"\ub0a8","\uc9c1\uc5c5":"\ud734\ub300\ud3f0\ub514\uc790\uc774\ub108","\uc0ac\ub294\uacf3":"\uacbd\uc0c1\ubd81\ub3c4"},{"\uc774\ub984":"\uae08\ub561\uad6c","\ub098\uc774":"47","\uc131\ubcc4":"\uc5ec","\uc9c1\uc5c5":"\uc6f9\ub514\uc790\uc774\ub108","\uc0ac\ub294\uacf3":"\ucda9\uccad\ub0a8\ub3c4"},{"\uc774\ub984":"\uae40\uaf43\uae38","\ub098\uc774":"23","\uc131\ubcc4":"\uc5ec","\uc9c1\uc5c5":"\uac1c\ubc1c\uc790","\uc0ac\ub294\uacf3":"\uac15\uc6d0\ub3c4"},{"\uc774\ub984":"\uc815\ud070\uc190","\ub098\uc774":"","\uc131\ubcc4":"\uc5ec","\uc9c1\uc5c5":"\uc6f9\uac1c\ubc1c\uc790","\uc0ac\ub294\uacf3":"\uacbd\uc0c1\ubd81\ub3c4"},{"\uc774\ub984":"\uc870\ud0a4\uc6c0","\ub098\uc774":"74","\uc131\ubcc4":"\ub0a8","\uc9c1\uc5c5":"","\uc0ac\ub294\uacf3":"\uc11c\uc6b8\/\uacbd\uae30"},{"\uc774\ub984":"\uc774\ud070\ud798","\ub098\uc774":"25","\uc131\ubcc4":"\ub0a8","\uc9c1\uc5c5":"\uac74\ucd95\uac00","\uc0ac\ub294\uacf3":"\uacbd\uc0c1\ubd81\ub3c4"},{"\uc774\ub984":"\ud070\uac15\uc0b0","\ub098\uc774":"67","\uc131\ubcc4":"\ub0a8","\uc9c1\uc5c5":"\ube45\ub370\uc774\ud130\uc804\ubb38\uac00","\uc0ac\ub294\uacf3":"\ucda9\uccad\ub0a8\ub3c4"},{"\uc774\ub984":"\ubaa9\uc18c\ub9ac","\ub098\uc774":"37","\uc131\ubcc4":"\ub0a8","\uc9c1\uc5c5":"\ubaa8\ub378","\uc0ac\ub294\uacf3":"\uc11c\uc6b8\/\uacbd\uae30"},{"\uc774\ub984":"\uc774\ud2bc\ud2bc","\ub098\uc774":"27","\uc131\ubcc4":"","\uc9c1\uc5c5":"\uac74\ucd95\uac00","\uc0ac\ub294\uacf3":"\uacbd\uc0c1\ubd81\ub3c4"},{"\uc774\ub984":"\uae40\uac1c\ub144","\ub098\uc774":"36","\uc131\ubcc4":"\uc5ec","\uc9c1\uc5c5":"\uac1c\ubc1c\uc790","\uc0ac\ub294\uacf3":"\uc11c\uc6b8\/\uacbd\uae30"},{"\uc774\ub984":"\ud480\uc2a4\ud0dd","\ub098\uc774":"43","\uc131\ubcc4":"\ub0a8","\uc9c1\uc5c5":"\uac1c\ubc1c\uc790","\uc0ac\ub294\uacf3":"\uc11c\uc6b8\/\uacbd\uae30"}]